<?xml version="1.0" encoding="UTF-8" ?>
<!DOCTYPE struts PUBLIC
        "-//Apache Software Foundation//DTD Struts Configuration 2.5//EN"
        "http://struts.apache.org/dtds/struts-2.5.dtd">

<struts>

    <package name="Login" extends="struts-default">

        <action name="LoginAction" class="com.G2.Actions.LoginAction">
            <result name="input">/pages/Login.jsp</result>
            <result name="success">/pages/LoginSuccess.jsp</result>
        </action>

    </package>
</struts>
