<?xml version="1.0" encoding="UTF-8"?>
<!DOCTYPE struts PUBLIC
"-//Apache Software Foundation//DTD Struts Configuration 2.5//EN"
"http://struts.apache.org/dtds/struts-2.5.dtd">

<struts>
	<package name="default" namespace="/"
		extends="struts-default">
		<action name="login">
			<result>pages/login.jsp</result>
		</action>
		<action name="welcome">
			<result>pages/welcome.jsp</result>
		</action>
		<action name="registeruser" class="com.javatechig.struts2web.actions.NewUserAction">
			<result name="REGISTER">pages/newuser.jsp</result>
		</action>
		<action name="loginauth"
			class="com.javatechig.struts2web.actions.LoginAuthAction">
			<result name="success">pages/welcome.jsp
			</result>
			<result name="error">pages/login.jsp</result>
		</action>
	</package>
</struts>