<!DOCTYPE struts PUBLIC
"-//Apache Software Foundation//DTD Struts Configuration 2.5//EN"
"http://struts.apache.org/dtds/struts-2.5.dtd">

<struts>
	<package name="default" extends="struts-default">
		<interceptors>
			<interceptor name="userSession"
				class="com.sample.SessionInterceptor"></interceptor>
		</interceptors>

		<global-results>
			<result name="loginUser" type="redirect">/login</result>
		</global-results>

		<action name="loginCheck" class="com.sample.LoginAction"
			method="checkLogin">
			<result name="success">/success.jsp</result>
			<result name="input">/login.jsp</result>
		</action>

		<action name="login" class="com.sample.LoginAction">
			<result name="success">/login.jsp</result>
		</action>

		<action name="restricted" class="com.sample.LoginAction"
			method="getRestricted">
			<interceptor-ref name="userSession"></interceptor-ref>
			<result name="success">/restricted.jsp</result>
		</action>

		<action name="logout" class="com.sample.LoginAction"
			method="logout">
			<result name="success">/login.jsp</result>
		</action>

	</package>

</struts>